{"cameraMode":{"drawMode":0,"name":"Shaded","section":"Shading Mode"},"sceneLighting":true,"audioPlay":false,"sceneViewState":{"m_AlwaysRefresh":false,"showFog":true,"showSkybox":true,"showFlares":true,"showImageEffects":true,"showParticleSystems":true,"showVisualEffectGraphs":true,"m_FxEnabled":true},"in2DMode":false,"pivot":{"x":10.016317367553711,"y":1.693392276763916,"z":6.589401721954346},"rotation":{"x":0.030134662985801698,"y":-0.9418068528175354,"z":0.0834621712565422,"w":0.32525140047073367},"size":4.3578643798828129,"orthographic":false}